degree,name,sound_type,energy,ecosystem,season,family,lat,lon
0,Great Blue Heron,stalking silence / pterodactyl croak,1,Puget Sound estuary,resident,Ardeidae,47.608,-122.297
1,Pacific Wren,intricate cascade warble,2,old-growth understory,resident,Troglodytidae,47.644,-122.354
2,Varied Thrush,single haunting minor whistle,2,mature conifer forest,winter-resident,Turdidae,47.623,-122.315
3,Black-capped Chickadee,fee-bee song / chick-a-dee alarm,2,mixed woodland,resident,Paridae,47.608,-122.297
4,Spotted Owl,four-note territorial hoot,2,old-growth Douglas fir,resident,Strigidae,47.608,-122.297
5,Red-breasted Nuthatch,nasal yank-yank tin horn,2,conifer canopy,resident,Sittidae,47.608,-122.297
6,Pacific-slope Flycatcher,upslurred wheeet,2,riparian alder,spring-fall,Tyrannidae,47.608,-122.297
7,Hermit Thrush,ethereal spiraling flute song,2,mountain forest,summer,Turdidae,47.606,-122.332
8,Golden-crowned Kinglet,ultra-high ascending zee-zee-zee,1,spruce-fir canopy,resident,Regulidae,47.606,-122.332
9,Chestnut-backed Chickadee,rapid chick-a-dee-dee,2,coastal conifer,resident,Paridae,47.606,-122.332
10,Bushtit,thin insect-like seep contact calls,1,shrubby woodland edge,resident,Aegithalidae,47.606,-122.332
11,Oregon Junco,metallic trill on single pitch,2,forest edge,resident,Emberizidae,47.608,-122.297
12,Pine Siskin,rising zhreee / buzzy warble,1,conifer seed crop,irruptive,Fringillidae,47.606,-122.332
13,Hutton's Vireo,repeated rising-falling zuit,2,oak woodland,resident,Vireonidae,47.606,-122.332
14,MacGillivray's Warbler,churry-churry-churry-sweet,2,dense shrub,summer,Parulidae,47.606,-122.332
15,Wilson's Warbler,rapid chattering chi-chi-chet,3,willow riparian,summer,Parulidae,47.606,-122.332
16,Yellow Warbler,sweet-sweet-sweeter-than-sweet,3,riparian willow,summer,Parulidae,47.606,-122.332
17,Common Yellowthroat,witchety-witchety-witchety,3,marsh edge,summer,Parulidae,47.606,-122.332
18,Swainson's Thrush,upward spiraling fluty phrases,3,riparian forest,summer,Turdidae,47.623,-122.315
19,Veery,downward spiraling veer-veer,3,lowland riparian,summer,Turdidae,47.608,-122.297
20,Orange-crowned Warbler,trilling descending rattle,3,shrubby slope,summer,Parulidae,47.608,-122.297
21,Northern Flicker,loud wick-wick-wick call,4,open woodland,resident,Picidae,47.651,-122.35
22,Red-shafted Flicker drumming,resonant hollow-tree percussion,4,forest snag,resident,Picidae,47.651,-122.35
23,Black-headed Grosbeak,rich robin-like warble with slurs,4,mixed forest,summer,Cardinalidae,47.608,-122.297
24,Western Tanager,hoarse robin-like warble,4,conifer forest,summer,Thraupidae,47.606,-122.332
25,American Robin,cheerily cheer-up cheerio,4,lawn and woodland,resident,Turdidae,47.608,-122.297
26,Purple Martin,rich gurgling liquid song,4,open sky near water,summer,Hirundinidae,47.606,-122.332
27,Violet-green Swallow,twitter and liquid chips,4,open water,summer,Hirundinidae,47.608,-122.297
28,Tree Swallow,liquid twittering gurgle,4,open field near water,summer,Hirundinidae,47.606,-122.332
29,Rough-winged Swallow,rough buzzy brrit,4,river bank,summer,Hirundinidae,47.606,-122.332
30,Barn Swallow,long liquid twittering warble,4,open farmland,summer,Hirundinidae,47.608,-122.297
31,Cedar Waxwing,high thin see-see-see trilled,4,fruiting trees,resident,Bombycillidae,47.606,-122.332
32,Bohemian Waxwing,buzzy bzeee calls flock chorus,5,berry stands,irruptive,Bombycillidae,47.606,-122.332
33,Cassin's Finch,rich warbling song male display,4,mountain conifer,summer,Fringillidae,47.608,-122.297
34,Red Crossbill,kip-kip-kip flight call + warble,4,cone crop,nomadic,Fringillidae,47.608,-122.297
35,Rufous Hummingbird,ch-ch-ch wingbeat thrum + chitter,5,flower meadow,summer,Trochilidae,47.606,-122.332
36,Anna's Hummingbird,metallic chip + dive display buzz,5,urban/coastal,resident,Trochilidae,47.608,-122.297
37,Calliope Hummingbird,soft rising tsee-tsee,4,mountain meadow,summer,Trochilidae,47.606,-122.332
38,Black-throated Gray Warbler,lazy buzzy wheeze song,4,oak-pine,summer,Parulidae,47.608,-122.297
39,Townsend's Warbler,buzzy zee-zee-zee-zwee-zweee,4,conifer canopy,summer/winter,Parulidae,47.606,-122.332
40,Hermit Warbler,thin buzzy song conifer top,4,mountain conifer,summer,Parulidae,47.606,-122.332
41,Nashville Warbler,see-bit see-bit teedle-teedle,4,brush,summer,Parulidae,47.623,-122.315
42,Yellow-rumped Warbler,loose trill varied song,4,conifer edge,resident/summer,Parulidae,47.606,-122.332
43,American Goldfinch,per-chick-o-ree flight call + canary song,4,weedy field,summer,Fringillidae,47.606,-122.332
44,Lesser Goldfinch,high thin tsee-ee-ee,4,weedy shrub,summer,Fringillidae,47.54,-122.32
45,Pacific Chorus Frog,krek-ek breeding chorus,2,pond wetland,spring,Hylidae,47.65,-122.35
46,Columbia Spotted Frog,low clucking grunts,3,montane pond,summer,Ranidae,47.562,-122.386
47,Cascades Frog,low-pitched clucking notes,3,alpine lake,summer,Ranidae,47.699,-122.355
48,Tailed Frog,largely silent / stream noise,2,cold mountain stream,summer,Ascaphidae,47.668,-122.384
49,Western Toad,low-pitched musical trill,3,woodland pond,spring,Bufonidae,47.037,-122.9
50,Rough-skinned Newt,silent / water ripple movement,1,pond woodland,resident,Salamandridae,47.037,-122.9
51,Northwestern Salamander,silent / leaf-litter rustle,1,moist forest floor,resident,Ambystomatidae,47.606,-122.332
52,Long-toed Salamander,silent / stream sound,1,subalpine pond,summer,Ambystomatidae,47.312,-122.107
53,Olympic Torrent Salamander,silent in ice-cold seep,1,old-growth seep,resident,Rhyacotritonidae,47.683,-122.279
54,Clouded Salamander,silent in bark crevice,1,old-growth snag,resident,Plethodontidae,47.623,-122.315
55,Oregon Slender Salamander,silent in duff layer,1,coastal forest,resident,Plethodontidae,47.562,-122.386
56,Ensatina salamander,soft squeak if handled,1,moist forest,resident,Plethodontidae,47.651,-122.35
57,Pacific Giant Salamander,low bark / growl when threatened,3,cold stream,resident,Dicamptodontidae,47.668,-122.384
58,Red-legged Frog,soft guttural clucking chorus,3,lowland pond,spring,Ranidae,48.19,-122.52
59,Bullfrog (invasive),deep bass jug-o-rum,5,lowland pond,resident invasive,Ranidae,47.623,-122.315
60,Green Frog,banjo-plunk call,4,lake edge,invasive resident,Ranidae,47.606,-122.332
61,American Beaver,tail slap on water,4,pond/creek,resident,Castoridae,47.606,-122.332
62,Beaver chewing,rhythmic gnawing woody percussion,3,riparian,resident,Castoridae,47.606,-122.332
63,River Otter,loud chuffing + whistles,4,river/estuary,resident,Mustelidae,47.608,-122.297
64,Mink,shrill chitter alarm call,4,creek bank,resident,Mustelidae,47.606,-122.332
65,American Marten,low chuckle + loud chatter,4,old-growth forest,resident,Mustelidae,47.499,-111.299
66,Fisher,loud screaming call (rare),5,dense forest,resident,Mustelidae,47.606,-122.332
67,Short-tailed Weasel,shrill bark / chitter,4,meadow-forest edge,resident,Mustelidae,47.606,-122.332
68,Long-tailed Weasel,rapid chattering chirp,4,open woodland,resident,Mustelidae,47.606,-122.332
69,Striped Skunk,warning foot-stamp / hiss,3,woodland edge,resident,Mephitidae,47.606,-122.332
70,Raccoon,churring / chittering young,3,riparian/urban,resident,Procyonidae,47.606,-122.332
71,Red Fox,bark + screaming vixen call,5,open country,resident,Canidae,47.606,-122.332
72,Opossum,low hiss / click when threatened,2,woodland edge,resident,Didelphidae,47.606,-122.332
73,Snowshoe Hare,thump on ground / squeal if caught,3,brushy forest,resident,Leporidae,47.606,-122.332
74,American Pika,high sharp eenk bark,4,talus slope,resident,Ochotonidae,47.606,-122.332
75,Yellow-bellied Marmot,piercing whistle alarm,5,rocky slope,resident,Sciuridae,47.606,-122.332
76,Hoary Marmot,loud penetrating whistle,5,alpine talus,resident,Sciuridae,47.606,-122.332
77,Olympic Marmot,musical multi-note whistle,4,Olympic alpine,resident,Sciuridae,47.699,-122.355
78,Townsend's Ground Squirrel,chirping trill alarm,4,open grassland,spring-summer,Sciuridae,47.606,-122.332
79,Golden-mantled Ground Squirrel,sharp chip alarm,4,forest edge,summer,Sciuridae,47.606,-122.332
80,Douglas Squirrel,loud scolding chatter rattle,5,conifer canopy,resident,Sciuridae,47.651,-122.35
81,Eastern Fox Squirrel,bark + chatter,4,urban park,resident,Sciuridae,47.606,-122.332
82,Northern Flying Squirrel,high thin tseet contact call,3,old-growth,nocturnal,Sciuridae,47.606,-122.332
83,Deer Mouse,ultrasonic + soft chip,2,varied habitat,resident,Cricetidae,47.562,-122.386
84,Bushy-tailed Woodrat,chatter + twig gnaw sounds,3,rocky outcrop,resident,Cricetidae,47.606,-122.332
85,Muskrat,quiet plop into water,3,marsh,resident,Cricetidae,47.606,-122.332
86,Pacific Treefrog night chorus,amplified krek-krek wall of sound,4,marsh,spring,Hylidae,47.623,-122.315
87,Cricket chorus,rhythmic chirp field chorus,4,dry meadow,summer,Gryllidae,47.623,-122.315
88,Katydid,continuous electric buzz,4,shrub/meadow,summer,Tettigoniidae,47.623,-122.315
89,Cicada (annual),electric buzzing throb,4,forest edge,summer,Cicadidae,47.623,-122.315
90,Spring peeper-like chorus,bell-like peep chorus,4,wet meadow,spring,Hylidae,47.606,-122.332
91,Mosquito swarm,ultra-thin hum cloud,2,wetland,summer,Culicidae,47.623,-122.315
92,Bumblebee drone,deep resonant buzz,3,wildflower meadow,summer,Apidae,47.623,-122.315
93,Hornet nest buzz,aggressive papery hum,5,woodland,summer,Vespidae,47.623,-122.315
94,Stonefly hatch,wing rustle on stream surface,2,cold stream,spring,Perlidae,47.606,-122.332
95,Mayfly emergence,mass wing buzz over water,3,stream/lake,spring,Ephemeroptera,47.606,-122.332
96,Wood Frog,duck-like clucking chorus,4,vernal pool,spring,Ranidae,47.606,-122.332
97,Toad chorus,sustained musical purring,4,pond,spring,Bufonidae,47.606,-122.332
98,Tree cricket song,pure sustained trill thermometer,3,shrub,summer,Gryllidae,47.606,-122.332
99,Click beetle,mechanical click when startled,2,dead wood,summer,Elateridae,47.606,-122.332
100,Raven,deep cronk + bell + hollow knock,4,open forest,resident,Corvidae,47.606,-122.332
101,Common Raven pair,complex duet vocalizations,5,territorial,resident,Corvidae,47.606,-122.332
102,American Crow,caw caw caw complex,4,varied,resident,Corvidae,47.608,-122.297
103,Steller's Jay,shack-shack-shack raucous,5,conifer forest,resident,Corvidae,47.623,-122.315
104,Gray Jay (Canada Jay),soft whistles + mimicry,4,subalpine,resident,Corvidae,47.606,-122.332
105,Clark's Nutcracker,harsh grating kraa-a-a,5,alpine pine,summer,Corvidae,47.606,-122.332
106,Black-billed Magpie,rolling mek-mek-mek + chatter,5,open country,resident,Corvidae,47.606,-122.332
107,Acorn Woodpecker,waka-waka-waka call,5,oak savanna,resident,Picidae,47.606,-122.332
108,Pileated Woodpecker,wild laughing wuk-wuk-wuk,6,old-growth,resident,Picidae,47.608,-122.297
109,Pileated Woodpecker drumming,resonant machine-gun drum,6,dead snag,resident,Picidae,47.608,-122.297
110,Hairy Woodpecker,sharp peek + stuttering drum,5,forest,resident,Picidae,47.606,-122.332
111,Downy Woodpecker,pik + soft rattle drum,4,varied forest,resident,Picidae,47.606,-122.332
112,Lewis's Woodpecker,churring call,4,open pine,summer,Picidae,47.606,-122.332
113,White-headed Woodpecker,sharp chick-ick,4,ponderosa pine,resident,Picidae,47.606,-122.332
114,Three-toed Woodpecker,slow deliberate drumming,4,beetle-kill,resident,Picidae,47.606,-122.332
115,Black-backed Woodpecker,loud rattle call + unique drum,5,burn forest,resident,Picidae,47.606,-122.332
116,American Dipper,loud bubbly song over rushing water,5,fast stream,resident,Cinclidae,47.606,-122.332
117,Dipper dunking,splash + song integrated,5,rapid creek,resident,Cinclidae,47.658,-122.313
118,Harlequin Duck,squeak + high whistle,4,turbulent stream,resident,Anatidae,47.606,-122.332
119,Common Merganser,guttural croak in flight,4,river,resident,Anatidae,47.606,-122.332
120,Hooded Merganser,rolling frog-like call,4,wooded pond,resident,Anatidae,47.623,-122.315
121,Wood Duck,rising ooo-eek flight call,4,wooded pond,summer,Anatidae,47.658,-122.313
122,Bufflehead,squeaky peeping,3,lake,winter,Anatidae,47.606,-122.332
123,Barrow's Goldeneye,quiet grunts display,3,mountain lake,resident,Anatidae,47.606,-122.332
124,Common Goldeneye,rattling wing-whistle in flight,4,lake,winter,Anatidae,47.606,-122.332
125,Greater Scaup,soft scaup call,3,saltwater bay,winter,Anatidae,47.606,-122.332
126,Canvasback,low grunts display,3,marsh lake,winter,Anatidae,47.606,-122.332
127,Tundra Swan,high melodious baying flock,5,delta marsh,winter,Anatidae,47.606,-122.332
128,Trumpeter Swan,deep resonant bugling,6,wetland,resident/winter,Anatidae,47.606,-122.332
129,Canada Goose,deep honk flock chorus,5,lake/grass,resident,Anatidae,47.606,-122.332
130,Cackling Goose,higher-pitched cackling call,4,field/lake,winter,Anatidae,47.606,-122.332
131,Brant,low musical honk flocks,4,coastal bay,winter,Anatidae,47.606,-122.332
132,Greater White-fronted Goose,musical laughing call,4,field,winter,Anatidae,47.606,-122.332
133,Snow Goose,shrill dissonant flock call,5,delta,winter,Anatidae,47.606,-122.332
134,Ross's Goose,higher nasal call,4,field,winter,Anatidae,47.606,-122.332
135,Great Horned Owl,deep resonant hoo-h-hoo-hoo,4,varied forest,resident,Strigidae,47.623,-122.315
136,Great Horned Owl pair duet,male-female pitch-different duet,5,territory,winter,Strigidae,47.623,-122.315
137,Barred Owl,who-cooks-for-you phrase,4,mature forest,resident,Strigidae,47.623,-122.315
138,Barred Owl caterwauling,wild ascending screaming sequence,6,forest,resident,Strigidae,47.623,-122.315
139,Long-eared Owl,deep whooo pumping,4,open forest,winter,Strigidae,47.606,-122.332
140,Short-eared Owl,bark + wing-clap display,5,open field,winter,Strigidae,47.606,-122.332
141,Northern Saw-whet Owl,tooting too-too-too,3,forest,resident,Strigidae,47.606,-122.332
142,Western Screech-Owl,descending whinny trill,3,open forest,resident,Strigidae,47.606,-122.332
143,Pygmy Owl,tooting whistled series,3,open forest,resident,Strigidae,47.606,-122.332
144,Flammulated Owl,low hoot almost inaudible,2,ponderosa,summer,Strigidae,47.606,-122.332
145,Common Poorwill,poor-will repeated,3,dry rocky,summer,Caprimulgidae,47.606,-122.332
146,Common Nighthawk,nasal peent + booming dive,5,open sky,summer,Caprimulgidae,47.606,-122.332
147,Vaux's Swift,rapid chipping twittering,4,snag/chimney,summer,Apodidae,47.606,-122.332
148,Black Swift,low chipping calls cliff colony,4,waterfall cliff,summer,Apodidae,47.606,-122.332
149,Band-tailed Pigeon,deep owl-like coo-coo,3,forest,summer,Columbidae,47.606,-122.332
150,Mourning Dove,mournful oo-woo-woo,3,open woodland,summer,Columbidae,47.606,-122.332
151,Eurasian Collared-Dove,three-note hoo-HOO-hoo,3,urban,resident,Columbidae,47.606,-122.332
152,Rock Pigeon wing clap,loud wing slap on takeoff,4,urban cliff,resident,Columbidae,47.606,-122.332
153,Wild Turkey gobble,powerful liquid gobble,6,oak woodland,resident,Phasianidae,47.606,-122.332
154,Blue Grouse,deep resonant thumping booming,5,conifer slope,resident,Phasianidae,47.606,-122.332
155,Ruffed Grouse drumming,accelerating wing-drum on log,5,forest,resident,Phasianidae,47.606,-122.332
156,Sooty Grouse,deep muffled booming,5,mountain forest,resident,Phasianidae,47.606,-122.332
157,Spruce Grouse,wing claps + soft clucking,4,spruce forest,resident,Phasianidae,47.606,-122.332
158,White-tailed Ptarmigan,cackling + soft clucks,3,alpine,resident,Phasianidae,47.606,-122.332
159,California Quail,chi-CA-go call,4,brushy open,resident,Odontophoridae,47.606,-122.332
160,Mountain Quail,loud quee-ark,4,dense brush,resident,Odontophoridae,47.606,-122.332
161,Virginia Rail,descending whinny grunt,4,freshwater marsh,summer,Rallidae,47.606,-122.332
162,Sora rail,descending whinny + keek,4,marsh,summer,Rallidae,47.606,-122.332
163,American Bittern,pump-er-LUNK booming,4,dense marsh,summer,Ardeidae,47.606,-122.332
164,American Coot,clucking + grunting flock,4,open water,resident,Rallidae,47.606,-122.332
165,Sandhill Crane,loud resonant bugling,6,open field,migrant,Gruidae,47.606,-122.332
166,Black Oystercatcher,loud piping wheep-wheep,5,rocky shore,resident,Haematopodidae,47.606,-122.332
167,Killdeer,kill-dee alarm + broken-wing act,5,open ground,resident,Charadriidae,47.606,-122.332
168,Snipe winnowing,eerie tremolo dive sound,4,wet meadow,summer,Scolopacidae,47.606,-122.332
169,Dunlin flock,sighing collective wind-sound,3,tidal flat,winter,Scolopacidae,47.606,-122.332
170,Whimbrel,rippling curlew call,4,tidal flat,migrant,Scolopacidae,47.606,-122.332
171,Long-billed Curlew,loud curleee rising,5,open field,migrant,Scolopacidae,47.606,-122.332
172,Marbled Godwit,loud godwit! repeated,5,tidal flat,migrant,Scolopacidae,47.606,-122.332
173,Greater Yellowlegs,loud klew-klew-klew,5,shore,migrant,Scolopacidae,47.606,-122.332
174,Pigeon Guillemot,thin high whistle,3,rocky coast,summer,Alcidae,47.606,-122.332
175,Rhinoceros Auklet,grunting moaning colony,4,offshore island,summer,Alcidae,47.606,-122.332
176,Tufted Puffin,deep grunting growl,4,rocky island,summer,Alcidae,47.606,-122.332
177,Common Murre,growling guttural colony roar,5,rocky cliff,summer,Alcidae,47.606,-122.332
178,Marbled Murrelet,keer keer call inland forest,4,old-growth,summer,Alcidae,47.606,-122.332
179,Ancient Murrelet,shrill twitter colony night,4,island colony,summer,Alcidae,47.606,-122.332
180,Harbor Seal,guttural bark + liquid gaze,4,haul-out rock,resident,Phocidae,47.608,-122.297
181,Harbor Seal pup,high bleat call for mother,4,beach,summer,Phocidae,47.608,-122.297
182,Steller Sea Lion,roaring bark colony,6,rock haul-out,resident,Otariidae,47.606,-122.332
183,California Sea Lion,rapid bark / honk,6,dock/rock,resident,Otariidae,47.606,-122.332
184,Northern Fur Seal,growl + bleat colony,5,offshore island,summer,Otariidae,47.606,-122.332
185,Sea Otter,high whine + growl surface,4,kelp bed,resident,Mustelidae,47.606,-122.332
186,Dall's Porpoise,no vocalization + rooster-tail splash,5,open water,resident,Phocoenidae,47.606,-122.332
187,Harbor Porpoise,silent / echolocation (inaudible),1,inland sea,resident,Phocoenidae,47.606,-122.332
188,Pacific White-sided Dolphin,squawks + whistles,5,open water,resident,Delphinidae,47.606,-122.332
189,Risso's Dolphin,low grunts + clicks,4,deep water,visitor,Delphinidae,47.606,-122.332
190,Minke Whale,low thump + ratchet,4,open sea,summer,Balaenopteridae,47.606,-122.332
191,Humpback Whale song,complex hour-long spiral song,8,open ocean,summer,Balaenopteridae,47.606,-122.332
192,Gray Whale blow,powerful explosive blow,5,near shore,migrant,Eschrichtiidae,47.606,-122.332
193,Gray Whale breach,massive body-slap on water,7,near shore,migrant,Eschrichtiidae,47.606,-122.332
194,Blue Whale infrasound,deepest animal sound below hearing,5,open ocean,rare visitor,Balaenopteridae,47.606,-122.332
195,Black-tailed Deer fawn bleat,thin high mew,3,forest/meadow,resident,Cervidae,47.608,-122.297
196,Black-tailed Deer buck grunt,low guttural rut grunt,4,forest,fall rut,Cervidae,47.608,-122.297
197,Roosevelt Elk bugle,high screaming whistle + grunt,7,old-growth,fall rut,Cervidae,47.606,-122.332
198,Roosevelt Elk cow call,bark + mew,5,dense forest,resident,Cervidae,47.606,-122.332
199,Roosevelt Elk rut roar,powerful deep bellowing,7,river valley,fall,Cervidae,47.606,-122.332
200,Black Bear huff,explosive warning breath exhalation,5,forest,resident,Ursidae,47.608,-122.297
201,Black Bear jaw-pop,loud tooth-pop intimidation,6,trail conflict,resident,Ursidae,47.608,-122.297
202,Black Bear cub distress,high mewling squall,4,near sow,summer,Ursidae,47.608,-122.297
203,Mountain Goat bleat,goat-like bleating,4,rocky cliff,resident,Bovidae,47.606,-122.332
204,Mountain Goat kid,high thin mew,3,high alpine,summer,Bovidae,47.606,-122.332
205,Bighorn Sheep clash,resonant cranial impact crack,6,rocky slope,fall,Bovidae,47.606,-122.332
206,Mountain Beaver squeak,thin whistle,2,dense understory,resident,Aplodontidae,47.606,-122.332
207,Porcupine,moaning teeth-chattering,3,tree/ground,nocturnal,Erethizontidae,47.606,-122.332
208,Coyote howl,ascending yip-howl group chorus,6,varied,resident,Canidae,47.608,-122.297
209,Coyote pup chorus,chaotic yipping,5,den site,summer,Canidae,47.608,-122.297
210,Gray Wolf howl,sustained bass resonant howl,7,remote forest,resident,Canidae,47.606,-122.332
211,Gray Wolf pack chorus,multi-voice harmonic howl,8,pack territory,resident,Canidae,47.606,-122.332
212,Cougar scream,blood-curdling rising shriek,8,forest,resident,Felidae,47.608,-122.297
213,Cougar chirp,bird-like contact chirp,4,forest,resident,Felidae,47.608,-122.297
214,Bobcat yowl,raspy cat-like yowl,5,forest/brush,resident,Felidae,47.606,-122.332
215,Canada Lynx,yowl + chatter,5,boreal,winter,Felidae,47.606,-122.332
216,Wolverine,loud guttural growl,6,remote wilderness,resident,Mustelidae,47.606,-122.332
217,Grizzly Bear roar,deep resonant roar,8,remote wilderness,resident,Ursidae,48.27,-117.715
218,Grizzly Bear jaw-pop,loud cracking intimidation display,7,trail,resident,Ursidae,48.27,-117.715
219,American Badger,low growl + hiss,5,open grassland,resident,Mustelidae,47.606,-122.332
220,Ringtail,loud bark + chitter,5,rocky canyon,rare,Procyonidae,47.606,-122.332
221,Bald Eagle call,thin descending kee-kee-kee,5,water/forest,resident,Accipitridae,47.608,-122.297
222,Bald Eagle territorial,long series piercing calls,6,nest territory,resident,Accipitridae,47.608,-122.297
223,Golden Eagle,high thin whistle,4,open country,resident,Accipitridae,47.606,-122.332
224,Osprey,loud series chewk-chewk-chewk,5,water,summer,Pandionidae,47.608,-122.297
225,Northern Goshawk,loud rapid ka-ka-ka-ka alarm,6,mature forest,resident,Accipitridae,47.608,-122.297
226,Cooper's Hawk,rapid cak-cak-cak alarm,5,forest edge,resident,Accipitridae,47.608,-122.297
227,Sharp-shinned Hawk,high kik-kik-kik,5,forest,resident,Accipitridae,47.608,-122.297
228,Red-tailed Hawk,ragged raspy descending scream,6,open country,resident,Accipitridae,47.608,-122.297
229,Ferruginous Hawk,loud rough alarm call,6,open grassland,winter,Accipitridae,47.606,-122.332
230,Rough-legged Hawk,catlike mew,4,open field,winter,Accipitridae,47.606,-122.332
231,Peregrine Falcon,loud rapid kak-kak-kak-kak,7,cliff/city,resident,Falconidae,47.608,-122.297
232,Prairie Falcon,sharp kik-ki-ki-ki-ki,6,canyon,resident,Falconidae,47.606,-122.332
233,Merlin,rapid chatter ki-ki-ki,5,open country,winter,Falconidae,47.606,-122.332
234,American Kestrel,shrill killy-killy-killy,5,open field,resident,Falconidae,47.606,-122.332
235,Turkey Vulture,hissing grunt only,2,open country,summer,Cathartidae,47.606,-122.332
236,Pacific Salmon in stream,splashing + tail-slap spawning,5,gravel stream,fall,Salmonidae,47.608,-122.297
237,Chinook Salmon leap,massive body-slap waterfall base,6,river,fall,Salmonidae,47.608,-122.297
238,Coho Salmon spawning,aggressive splashing males,6,stream,fall,Salmonidae,47.608,-122.297
239,Steelhead leap,metallic splash clean jump,5,river,winter,Salmonidae,47.608,-122.297
240,Bull Trout,silent / water sound,2,cold clear stream,resident,Salmonidae,47.608,-122.297
241,Dolly Varden,silent / ripple in shallow,2,glacial stream,resident,Salmonidae,47.606,-122.332
242,Cutthroat Trout,silent / surface rise dimple,2,mountain lake,resident,Salmonidae,47.606,-122.332
243,Pacific Lamprey,silent / sucker sound,1,rock/stream,resident,Petromyzontidae,47.606,-122.332
244,White Sturgeon,silent leaping splash,4,major river,resident,Acipenseridae,47.606,-122.332
245,River current over boulders,complex polyrhythmic water percussion,5,mountain stream,year-round,Hydrology,47.608,-122.297
246,Waterfall Snoqualmie,roaring white-noise wall,7,basalt cliff,year-round,Hydrology,47.543,-121.837
247,Waterfall Sol Duc,resonant canyon roar,7,Olympic,year-round,Hydrology,47.972,-123.826
248,Rainforest rain on big-leaf maple,complex patter-drip percussion,4,Hoh Rainforest,year-round,Meteorology,47.86,-123.934
249,Wind through Sitka spruce,deep organ-like moan,4,coastal forest,storm,Meteorology,47.86,-123.934
250,Wind through old-growth fir,multi-harmonic resonance,5,old-growth,storm,Meteorology,47.606,-122.332
251,Pacific rain on water surface,sustained white noise with texture,3,open water,winter,Meteorology,47.606,-122.332
252,Tidal surge on cobble beach,rhythmic stone percussion,4,gravel beach,tidal,Hydrology,47.606,-122.332
253,Puget Sound tidal current,low subsonic pulse,2,channel,tidal,Hydrology,47.606,-122.332
254,Fog horn (Admiralty Inlet),low periodic moan,3,shipping channel,fog,Maritime,47.606,-122.332
255,Log truck road vibration,low-frequency road percussion,3,forest road,season,Anthropogenic,47.606,-122.332
256,Winter storm surf,massive roaring wave crush,8,outer coast,winter,Meteorology,47.86,-123.934
257,Juan de Fuca surf,sustained low-frequency roar,8,open coast,winter,Meteorology,48.5,-124.7
258,Olympic Peninsula wind storm,howling multi-tonal chaos,8,ridge,winter,Meteorology,47.8,-123.5
259,Thunderstorm Cascades,rolling crack + rumble,8,high ridge,summer,Meteorology,47.606,-122.332
260,Lightning strike tree,explosive crack + crackle,9,forest,summer,Meteorology,47.606,-122.332
261,Volcanic tremor Mt Rainier,very low infrasonic pulse,5,volcano,periodic,Geophysics,46.852,-121.761
262,Lahar simulation rumble,deep ground vibration percussion,7,drainage,hypothetical,Geophysics,46.852,-121.761
263,Earthquake P-wave rumble,deep rolling subsonic,5,fault zone,episodic,Geophysics,47.606,-122.332
264,Puget Sound submarine canyon,infrasonic flow sound,2,deep water,continuous,Hydrology,47.606,-122.332
265,Glacier calving Mt Rainier,sharp crack + rumble cascade,6,glacial front,summer,Geophysics,46.852,-121.761
266,Rockslide,accelerating stone-fall percussion,7,cliff face,episodic,Geophysics,47.606,-122.332
267,Mudslide (Oso type),deep rumbling wall movement,8,unstable slope,episodic,Geophysics,48.27,-121.84
268,Pacific Wren rain-day chorus,amplified chorus in wet forest,5,wet old-growth,storm day,Troglodytidae,47.608,-122.297
269,Mixed-species dawn chorus,layered polyrhythmic bird symphony,7,forest edge,spring dawn,Multi-species,47.252,-122.444
270,Puget Sound orca S01 pod call,repertoire-specific calls clan,8,inland sea,resident,Delphinidae,47.606,-122.332
271,Southern Resident Killer Whale,complex whistles + clicks,8,San Juan Channel,resident,Delphinidae,47.606,-122.332
272,Transient Orca hunt sequence,tactical silence then burst,8,inland water,resident,Delphinidae,47.606,-122.332
273,Orca breaching,massive detonation body-slam,9,open water,resident,Delphinidae,47.606,-122.332
274,Orca full-spy-hop,vertical rise + crash,8,inland sea,resident,Delphinidae,47.606,-122.332
275,Orca pec-slap sequence,rhythmic loud body percussion,7,open water,resident,Delphinidae,47.606,-122.332
276,Orca echolocation burst,rapid click trains ultra-precise,8,hunting,resident,Delphinidae,47.037,-122.9
277,Orca multi-pod chorus call,full clan simultaneous vocalizing,9,greeting ceremony,resident,Delphinidae,47.037,-122.9
278,Humpback Whale breach NE Pacific,thunderous body percussion,9,open ocean,summer,Balaenopteridae,47.001,-122.5
279,Blue Whale 20Hz pulse,deepest sustained note in nature,5,open Pacific,rare,Balaenopteridae,47.001,-122.8
280,Sperm Whale click train,loud directional biosonar,7,deep water,rare,Physeteridae,47.608,-122.297
281,Dall's Porpoise high-speed rooster tail,physical percussive wake,6,open water,resident,Phocoenidae,47.608,-122.297
282,Pacific White-sided Dolphin pod,aerial acrobatics + call burst,7,open channel,resident,Delphinidae,47.623,-122.315
283,Steller Sea Lion bull roar,sustained guttural roar colony,8,rookery,summer,Otariidae,47.623,-122.315
284,California Sea Lion dock chorus,overlapping bark cacophony,7,urban waterfront,winter,Otariidae,47.623,-122.315
285,Elephant Seal bull (rare visitor),gargling machine-gun belch,8,haul-out,rare,Phocidae,47.623,-122.315
286,Stellar Storm Petrel colony,midnight chattering colony,6,offshore island,summer,Hydrobatidae,47.606,-122.332
287,Brandt's Cormorant colony,guttural croaking roar,7,rocky island,summer,Phalacrocoracidae,47.606,-122.332
288,Double-crested Cormorant,guttural croaking display,6,rocky shore,summer,Phalacrocoracidae,47.606,-122.332
289,Glaucous-winged Gull colony,overlapping mew + alarm chorus,6,colony,summer,Laridae,47.252,-122.444
290,Herring Gull flock alarm,raucous overlapping screams,7,beach,winter,Laridae,47.252,-122.444
291,Western Gull colony,loud overlapping calls,7,rocky island,summer,Laridae,47.252,-122.444
292,Common Tern colony,sharp keerr colony screaming,7,sandy spit,summer,Laridae,47.606,-122.332
293,Caspian Tern,loud raspy ka-arr,6,estuary,summer,Laridae,47.606,-122.332
294,Tufted Puffin colony sounds,deep grunts + wing beat,6,rocky island,summer,Alcidae,47.623,-122.315
295,Rhinoceros Auklet colony night,burrow-entering moans,6,island,summer,Alcidae,47.606,-122.332
296,Peregrine Falcon stoop wingcut,sonic crack at speed,8,open sky,resident,Falconidae,47.658,-122.313
297,Bald Eagle aerial combat,shrieking locked-talon tumble,7,territory,resident,Accipitridae,47.658,-122.313
298,Northern Goshawk full alarm,sustained ka-ka-ka assault,7,nest defense,resident,Accipitridae,47.608,-122.297
299,Great Horned Owl territorial war,multi-night hooting battle,6,territory,winter,Strigidae,47.608,-122.297
300,Pileated Woodpecker full drum,industrial machine-gun on dead fir,7,old-growth snag,resident,Picidae,47.608,-122.297
301,Roosevelt Elk full bugle sequence,high-to-low spine-chilling scream,8,river valley,fall,Cervidae,47.608,-122.297
302,Cougar full scream sequence,escalating blood-curdling shrieks,9,forest,resident,Felidae,47.608,-122.297
303,Gray Wolf full pack howl,multi-voice rising harmonic howl,9,pack territory,winter,Canidae,47.608,-122.297
304,Grizzly Bear threat charge,full roar + ground percussion,9,surprise encounter,resident,Ursidae,48.27,-117.715
305,Black Bear tree-shaking,powerful wood-crack + huff,7,confrontation,resident,Ursidae,47.608,-122.297
306,Steller Sea Lion beach battle,roaring bull collision,8,rookery,summer,Otariidae,47.606,-122.332
307,Salmon run full river,combined splash-slap-churn wall,8,spawning river,fall,Multi-species,47.608,-122.297
308,Melvins-equivalence: Marten scream,sustained high-pitched territorial,9,old-growth,nocturnal,Mustelidae,47.001,-123.599
309,TAD-equivalent: Great Horned Owl pair at peak,two owls simultaneous full volume,9,winter territory,resident,Strigidae,47.567,-122.324
310,Mudhoney-equivalent: mixed dawn chorus Pacific storm,overlapping calls in driving rain,8,storm morning,spring,Multi-species,47.608,-122.297
311,Nirvana-equivalent: Orca greeting ceremony,full pod multi-voice convergence,9,reunion,resident,Delphinidae,47.3,-122.8
312,Soundgarden-equivalent: Puget Sound winter storm surge,full coastline impact resonance,9,outer shore,winter,Meteorology,47.658,-122.313
313,Alice in Chains-equiv: Cougar-Wolf encounter,overlapping territorial calls,9,remote old-growth,rare,Multi-species,47.557,-122.295
314,Pearl Jam-equiv: Elk herd on move full bugle,multiple bulls simultaneous bugle,8,river bottom,fall,Cervidae,47.623,-122.315
315,Post-grunge: Varied Thrush in fog,single haunting note reverb canyon,7,fog-filled canyon,winter,Turdidae,47.623,-122.315
316,Gruntruck-equiv: Steller Sea Lion bull apex roar,maximum volume territorial display,8,prime rock,summer,Otariidae,47.623,-122.315
317,Temple of Dog-equiv: Humpback-Orca same channel,whale song + orca call overlap,8,San Juan,summer,Multi-species,47.623,-122.315
318,Cascadia subduction zone proxy: deepwater current,very low infrasonic ocean floor,5,deep Pacific,geological,Geophysics,47.606,-122.332
319,Candlebox-equiv: Red-tailed Hawk scream sequence,sustained territorial scream series,7,open valley,resident,Accipitridae,47.606,-122.332
320,Gas Huffer-equiv: Raven complex vocalizing,maximum vocabulary display solo,7,open ridge,resident,Corvidae,47.651,-122.35
321,Pond-equiv: Chorus frog + owl + cricket,simultaneous multi-layer night sound,7,woodland pond,spring night,Multi-species,47.651,-122.35
322,Heavy grunge: Cascade rock avalanche,accelerating multi-ton percussion,8,cliff face,summer,Geophysics,47.651,-122.35
323,Proto-grunge: Full Puget Sound tidal bore,deep rhythmic surge against shore,8,narrow passage,tidal,Hydrology,47.623,-122.315
324,Heavy grunge: Winter storm Hoh,rain+wind+creek+canopy all layers,8,Hoh Rainforest,winter,Meteorology,47.86,-123.934
325,Heavy psyche: Salmon + bear + eagle convergence,multi-predator feast soundscape,8,spawning creek,fall,Multi-species,47.658,-122.313
326,High intensity: Douglas Fir crown in gale,sustained multi-octave moan-roar,7,exposed ridge,storm,Meteorology,47.623,-122.315
327,Grunge/post: Mt. Rainier wind above treeline,ultra-high-velocity howl,7,summit zone,storm,Meteorology,47.623,-122.315
328,Seven Year Bitch-equiv: Great Horned x2 + Coyote,night predator chorus,8,forest edge,winter,Multi-species,47.623,-122.315
329,Accused-equiv: Full Stonefly + Caddisfly hatch,mass emergence wing-buzz river,9,spring river,April,Multi-species,48.293,-122.643
330,Queensryche-equiv: Trumpeter Swan + Sandhill Crane,trumpet + bugle dual layer,8,delta,winter,Multi-species,47.61,-122.201
331,Helms Alee-equiv: Orca echolocation full sequence,click trains + calls + breach,7,narrow channel,resident,Delphinidae,47.623,-122.315
332,Botch-equiv: Woodpecker + River + Frog polyrhythm,three independent pulse streams,9,riparian old-growth,spring,Multi-species,47.252,-122.444
333,Metal-post: Pacific storm full spectrum sound,all frequency bands simultaneous,8,outer coast,winter,Meteorology,47.623,-122.315
334,Melvins sludge: Low-frequency whale + volcano combo,infrasonic dual planetary signal,9,deep Pacific,rare,Multi-species,47.001,-123.599
335,Soundgarden heavy: Hurricane-force ridge wind,sustained ultra-intensity howl,9,Cascades ridge,rare storm,Meteorology,47.658,-122.313
336,AIC metal: Gray Wolf howl + thunder crack,howl cut by lightning strike,9,high meadow,summer storm,Multi-species,47.564,-122.309
337,TAD heavy: Grizzly + Waterfall + Thunderstorm,tri-layer apex intensity,9,remote wilderness,summer storm,Multi-species,47.567,-122.324
338,Skin Yard equiv: Old-growth in windstorm,full 400-yr fir canopy roar,7,old-growth,windstorm,Meteorology,47.658,-122.313
339,Green River equiv: Snowmelt flood surge,high-energy spring flood roar,7,river canyon,spring,Hydrology,47.623,-122.315
340,Nirvana heavy: Orca breach cascade sequence,three consecutive breaches loud,9,open sound,resident,Delphinidae,46.975,-123.815
341,Pearl Jam heavy: Full elk + storm + eagle,convergent apex natural drama,8,river valley,fall storm,Multi-species,47.623,-122.315
342,Gruntruck peak: Steller Sea Lion colony storm day,roaring colony in rain and wind,8,exposed rookery,winter,Otariidae,47.623,-122.315
343,Blood Brothers equiv: Peregrine stoop + tern colony,dive-bomb through screaming colony,9,coastal cliff,summer,Multi-species,47.756,-122.341
344,Botch peak: Multi-species polyrhythmic apex,woodpecker+orca+thunder+frog,10,imagined convergence,apex,Multi-species,47.252,-122.444
345,Melvins peak sludge: Full Pacific infrasound,all low frequencies earth-ocean,9,open Pacific,extreme,Multi-species,47.001,-123.815
346,Soundgarden Superunknown-equiv: Cascades full storm,summit-to-sea storm continuum,10,full Cascade range,extreme storm,Meteorology,47.658,-122.313
347,AIC Dirt-equiv: Cougar + Wolf + Bear convergence,triple apex predator night calls,10,remote wilderness,rare,Multi-species,47.564,-122.309
348,Nirvana Nevermind-equiv: Full orca greeting pod,all SRKW pods together rare event,10,Salish Sea,rare reunion,Delphinidae,47.623,-122.315
349,Pearl Jam Ten-equiv: Elk rut + storm + dawn chorus,all layers peak fall morning,10,river valley,fall dawn,Multi-species,47.623,-122.315
350,TAD peak: Cascades full avalanche sequence,multi-slope simultaneous release,10,alpine,rare winter,Geophysics,47.567,-122.324
351,Accused peak crossover: Insect + Bird + Rain chorus,maximum biodiversity soundscape,10,rainforest,peak spring,Multi-species,48.293,-122.643
352,Botch We Are Romans-equiv: River + Percussion + Wind,geological timescale percussion,10,Snoqualmie falls,flood,Multi-species,47.252,-122.444
353,These Arms-equiv: Mixed owl chorus full night,multiple species simultaneous,9,dense forest,winter,Multi-species,47.623,-122.315
354,Blood Brothers peak: Orca breach + bird colony chaos,simultaneous detonations,10,coastal cliff,summer,Multi-species,47.756,-122.341
355,Solger peak hardcore: Stonefly emergence full river,maximum insect emergence sound,10,major river,peak spring,Multi-species,47.606,-122.332
356,Fartz peak: Pacific Wren storm-chorus maximum,ten wrens simultaneous peak song,10,wet old-growth,storm,Multi-species,47.623,-122.315
357,Bikini Kill peak riot grrrl: Orca female-led hunt,matriarch-led coordinated hunt call,10,Salish Sea,resident,Delphinidae,47.037,-122.9
358,Sleater-Kinney Dig Me Out: All species dawn chorus,maximum PNW biodiversity peak,10,Puget Sound edge,spring equinox dawn,Multi-species,47.037,-122.9
359,Unwound Leaves Turn Inside: Puget Sound in silence,one breath before the next wave,10,full Salish Sea,equinox,Multi-species,47.037,-122.9
